Alias,Localization,IP
aaeA,IntegralMembraneProtein,6.14
aaeB,IntegralMembraneProtein,4.49
aaeR,Cytoplasmic,0.71
aas,IntegralMembraneProtein,1.27
aat,Cytoplasmic,0.81
accA,Cytoplasmic,0.68
accB,Cytoplasmic,0.52
accC,Cytoplasmic,0.74
accD,Cytoplasmic,0.88
aceA,Cytoplasmic,0.74
aceE,Cytoplasmic,0.91
aceF,Cytoplasmic,0.84
ackA,Cytoplasmic,0.70
acnA,Cytoplasmic,1.09
acnB,Cytoplasmic,0.81
acpH,Cytoplasmic,0.66
acpP,Cytoplasmic,0.51
acpS,Cytoplasmic,0.53
acpT,Cytoplasmic,0.76
acrA,Lipoprotein,0.74
acrB,IntegralMembraneProtein,5.61
acrD,IntegralMembraneProtein,2.29
acrR,Cytoplasmic,0.59
acs,Cytoplasmic,0.86
add,Cytoplasmic,0.70
ade,Cytoplasmic,0.91
adhE,Cytoplasmic,0.92
adk,Cytoplasmic,0.56
agaR,Cytoplasmic,0.58
ahpC,Cytoplasmic,0.60
ahpF,Cytoplasmic,0.64
ais,Periplasmic,3.00
alaS,Cytoplasmic,0.88
aldA,Cytoplasmic,0.83
allR,Cytoplasmic,0.76
alr,Cytoplasmic,0.61
alx,IntegralMembraneProtein,3.44
amiA,Periplasmic,0.55
amiB,Periplasmic,0.82
amiC,Periplasmic,0.87
amiD,Lipoprotein,1.53
amn,Cytoplasmic,0.71
ampC,Periplasmic,1.31
ampD,Cytoplasmic,0.99
ampE,IntegralMembraneProtein,3.80
ampG,IntegralMembraneProtein,2.77
ampH,Periplasmic,1.24
amyA,Cytoplasmic,1.57
anmK,-,1.62
ansA,Cytoplasmic,0.73
ansP,IntegralMembraneProtein,2.34
apaG,Cytoplasmic,1.09
apaH,Cytoplasmic,0.96
apbE,Lipoprotein,0.84
appY,Cytoplasmic,1.14
apt,Cytoplasmic,0.60
araJ,IntegralMembraneProtein,5.04
arcA,Cytoplasmic,0.76
arcB,IntegralMembraneProtein,1.97
argC,Cytoplasmic,0.97
argD,Cytoplasmic,0.86
argE,Cytoplasmic,0.76
argG,Cytoplasmic,0.93
argH,Cytoplasmic,0.71
argO,IntegralMembraneProtein,4.64
argP,Cytoplasmic,0.66
argR,Cytoplasmic,0.52
argS,Cytoplasmic,0.81
argT,Periplasmic,0.65
arnA,Cytoplasmic,1.74
arnC,IntegralMembraneProtein,2.13
aroA,Cytoplasmic,0.71
aroB,Cytoplasmic,0.80
aroC,Cytoplasmic,0.70
aroD,Cytoplasmic,0.63
aroE,Cytoplasmic,0.75
aroF,Cytoplasmic,0.66
aroG,Cytoplasmic,0.68
aroH,Cytoplasmic,1.00
aroK,Cytoplasmic,0.52
aroL,Cytoplasmic,0.68
aroM,Cytoplasmic,0.62
aroP,IntegralMembraneProtein,2.26
arsB,IntegralMembraneProtein,4.33
artI,Periplasmic,0.68
artJ,Periplasmic,0.60
artM,IntegralMembraneProtein,5.08
artP,Cytoplasmic,0.61
artQ,IntegralMembraneProtein,1.53
ascB,Cytoplasmic,0.92
ascG,Cytoplasmic,0.73
asd,Cytoplasmic,0.87
asmA,Membrane-anchored,3.11
asnA,Cytoplasmic,0.79
asnB,Cytoplasmic,1.03
asnC,Cytoplasmic,0.84
asnC,Cytoplasmic,0.86
aspA,Cytoplasmic,0.69
aspC,Cytoplasmic,0.65
aspS,Cytoplasmic,0.85
atpA,Cytoplasmic,0.66
atpB,IntegralMembraneProtein,2.52
atpC,Cytoplasmic,0.55
atpD,Cytoplasmic,1.13
atpE,IntegralMembraneProtein,2.51
atpF,Membrane-anchored,4.26
atpG,Cytoplasmic,0.69
atpH,Cytoplasmic,0.51
atpI,IntegralMembraneProtein,1.63
avtA,Cytoplasmic,0.82
azoR,Cytoplasmic,0.57
bacA,IntegralMembraneProtein,1.62
baeR,Cytoplasmic,0.65
baeS,IntegralMembraneProtein,2.29
bamA,OutermembraneProtein,1.05
bamB,OutermembraneLipoprotein,0.75
bamC,OutermembraneLipoprotein,0.67
bamD,OutermembraneLipoprotein,0.72
barA,IntegralMembraneProtein,1.39
basR,Cytoplasmic,1.19
basS,IntegralMembraneProtein,1.66
bax,-,2.61
bcp,Cytoplasmic,0.59
bcr,IntegralMembraneProtein,6.87
bcsB,IntegralMembraneProtein,0.91
bcsC,Periplasmic,1.09
bcsE,Cytoplasmic,0.92
bcsF,Membrane-anchored,4.69
bcsG,IntegralMembraneProtein,2.29
bfd,Cytoplasmic,0.74
bfr,Cytoplasmic,0.63
bglA,Cytoplasmic,0.98
bglX,Periplasmic,1.03
bhsA,OutermembraneProtein,0.54
bioA,Cytoplasmic,0.81
bioB,Cytoplasmic,0.79
bioC,Cytoplasmic,0.72
bioD,Cytoplasmic,0.74
bioF,Cytoplasmic,0.85
bioH,Cytoplasmic,1.17
birA,Cytoplasmic,0.90
bisC,Cytoplasmic,1.31
bolA,Cytoplasmic,0.68
borD_0430,Lipoprotein,0.00
borD_3718,Lipoprotein,0.52
brnQ,IntegralMembraneProtein,2.85
btuB,OutermembraneProtein,1.06
btuC,IntegralMembraneProtein,3.39
btuD,Cytoplasmic,0.70
btuE,Cytoplasmic,0.78
btuF,Periplasmic,0.70
btuR,Cytoplasmic,0.70
cadC,Membrane-anchored,3.15
can,Cytoplasmic,0.98
carA,Cytoplasmic,0.65
carB,Cytoplasmic,1.10
cbpA,Cytoplasmic,0.67
cbpM,Cytoplasmic,1.01
cbrB,IntegralMembraneProtein,2.67
cca,Cytoplasmic,0.68
ccmC,IntegralMembraneProtein,5.05
ccmE,IntegralMembraneProtein,2.10
ccmF,IntegralMembraneProtein,2.97
ccmG,IntegralMembraneProtein,5.68
ccmH,IntegralMembraneProtein,0.94
cdd,Cytoplasmic,0.69
cdh,Membrane-anchored,1.76
cdsA,IntegralMembraneProtein,2.46
cedA,Cytoplasmic,0.64
cfa,Cytoplasmic,0.83
chaA,IntegralMembraneProtein,4.22
chbF,Cytoplasmic,0.97
chiA,Periplasmic,0.83
cho,Cytoplasmic,0.75
chpA,Cytoplasmic,0.72
chpR,Cytoplasmic,0.69
cirA,OutermembraneProtein,0.94
clcA,IntegralMembraneProtein,3.60
cld,IntegralMembraneProtein,3.62
clpA,Cytoplasmic,0.73
clpB,Cytoplasmic,0.69
clpP,Cytoplasmic,0.93
clpS,Cytoplasmic,0.60
clpX,Cytoplasmic,0.68
cls,IntegralMembraneProtein,2.48
cmk,Cytoplasmic,0.78
cmoA,Cytoplasmic,0.71
cmoB,Cytoplasmic,0.77
cmr,IntegralMembraneProtein,2.36
coaA,Cytoplasmic,0.67
coaD,Cytoplasmic,0.55
coaE,Cytoplasmic,0.70
cobB,Cytoplasmic,0.75
cobC,Cytoplasmic,0.89
cobS,IntegralMembraneProtein,3.17
cobT,Cytoplasmic,0.85
copA,IntegralMembraneProtein,0.85
corA,IntegralMembraneProtein,1.86
cpdA,Cytoplasmic,0.89
cpdB,Periplasmic,0.79
cpxA,IntegralMembraneProtein,9.17
cpxP,Membraneassociated,0.74
cpxR,Cytoplasmic,1.02
crcB,IntegralMembraneProtein,6.20
creA,Periplasmic,0.63
creB,Cytoplasmic,0.90
creC,IntegralMembraneProtein,1.95
crl,Cytoplasmic,0.61
crp,Cytoplasmic,0.61
crr,Cytoplasmic,0.56
csdA,Cytoplasmic,0.91
csdE,Cytoplasmic,0.63
cspA,Cytoplasmic,0.47
cspB,Cytoplasmic,0.42
cspC,Cytoplasmic,0.48
cspE,Cytoplasmic,0.49
cspG,Cytoplasmic,0.48
csrA,Cytoplasmic,0.50
csrD,IntegralMembraneProtein,2.07
cstA,IntegralMembraneProtein,2.11
cueO,Periplasmic,1.02
cueR,Cytoplasmic,0.80
cusR,Cytoplasmic,1.03
cusS,IntegralMembraneProtein,3.11
cutC,Cytoplasmic,0.71
cvpA,IntegralMembraneProtein,1.42
cvrA,IntegralMembraneProtein,3.42
cyaA,Cytoplasmic,1.35
cyaY,Cytoplasmic,0.61
cybB,IntegralMembraneProtein,10.78
cycA,IntegralMembraneProtein,4.21
cydA,IntegralMembraneProtein,2.47
cydB,IntegralMembraneProtein,6.96
cydC,IntegralMembraneProtein,2.30
cydD,IntegralMembraneProtein,1.26
cyoA,IntegralMembraneProtein,2.95
cyoB,IntegralMembraneProtein,2.18
cyoC,IntegralMembraneProtein,3.31
cyoD,IntegralMembraneProtein,3.48
cyoE,IntegralMembraneProtein,5.10
cysA,Cytoplasmic,0.90
cysB,Cytoplasmic,0.74
cysE,Cytoplasmic,0.69
cysG,Cytoplasmic,0.68
cysI,Cytoplasmic,0.67
cysJ,Cytoplasmic,0.90
cysK,Cytoplasmic,0.59
cysM,Cytoplasmic,0.62
cysN,Cytoplasmic,1.02
cysQ,Membraneassociated,0.63
cysS,Cytoplasmic,1.09
cysZ,IntegralMembraneProtein,4.84
cytR,Cytoplasmic,0.82
dacA,Membrane-anchored,0.73
dacB,Periplasmic,0.92
dacC,Membrane-anchored,0.73
dacD,Membrane-anchored,1.05
dadA,Cytoplasmic,1.21
dadX,Cytoplasmic,1.02
dam,Cytoplasmic,0.69
damX,Membrane-anchored,4.91
dapA,Cytoplasmic,0.80
dapB,Cytoplasmic,0.69
dapD,Cytoplasmic,0.60
dapE,Cytoplasmic,1.07
dapF,Cytoplasmic,0.79
dbpA,Cytoplasmic,0.76
dcd,Cytoplasmic,0.85
dcm,Cytoplasmic,0.67
dcp,Cytoplasmic,0.68
dcrB,Periplasmic,0.74
dctA,IntegralMembraneProtein,1.87
dcuA,IntegralMembraneProtein,6.89
dcuR,Cytoplasmic,0.93
dcuS,IntegralMembraneProtein,1.39
dcyD,Cytoplasmic,0.80
ddl_A,Cytoplasmic,0.65
ddl_B,Cytoplasmic,0.66
deaD,Cytoplasmic,0.78
dedA,IntegralMembraneProtein,7.00
dedD,Membrane-anchored,1.18
def,Cytoplasmic,0.61
degP,Periplasmic,0.54
degQ,Periplasmic,0.73
degS,Membrane-anchored,0.64
deoA,Cytoplasmic,0.76
deoB,Cytoplasmic,0.84
deoC,Cytoplasmic,0.68
deoD,Cytoplasmic,0.58
deoR,Cytoplasmic,0.68
dfp,Cytoplasmic,0.73
dgkA,IntegralMembraneProtein,2.62
dgoR,Cytoplasmic,0.71
dgsA,Cytoplasmic,1.03
dgt,Cytoplasmic,0.85
dhaK,Cytoplasmic,0.75
dhaL,Cytoplasmic,0.59
dhaM,Cytoplasmic,0.97
dhaR,Cytoplasmic,1.27
diaA,Cytoplasmic,0.73
dicA,Cytoplasmic,0.55
dinF,IntegralMembraneProtein,3.35
dinG,Cytoplasmic,0.97
dinI,Cytoplasmic,0.59
dinJ,Cytoplasmic,0.48
dipZ,IntegralMembraneProtein,3.29
djlA,Membrane-anchored,4.30
dkgB,Cytoplasmic,0.62
dksA,Cytoplasmic,0.58
dld,Cytoplasmic,0.67
dmsD,IntegralMembraneProtein,1.18
dnaA,Cytoplasmic,0.71
dnaB,Cytoplasmic,0.63
dnaC,Cytoplasmic,0.64
dnaE,Cytoplasmic,0.93
dnaG,Cytoplasmic,0.98
dnaJ,Cytoplasmic,0.72
dnaK,Cytoplasmic,2.78
dnaN,Cytoplasmic,0.69
dnaQ,Cytoplasmic,0.71
dnaT,Cytoplasmic,0.65
dnaX,Cytoplasmic,1.16
dpiA,Cytoplasmic,0.77
dppA,Periplasmic,0.61
dppB,IntegralMembraneProtein,1.94
dppC,IntegralMembraneProtein,7.31
dppD,Cytoplasmic,0.92
dppF,Cytoplasmic,0.65
dps,Cytoplasmic,0.59
dsbA,Periplasmic,0.65
dsbB,IntegralMembraneProtein,1.86
dsbC,Periplasmic,0.58
dsbG,Periplasmic,0.74
dsdA,Cytoplasmic,0.88
dsdC,Cytoplasmic,0.73
dsdX,IntegralMembraneProtein,3.02
dsrB,Cytoplasmic,0.95
dtd,Cytoplasmic,1.06
dusA,Cytoplasmic,0.78
dusB,Cytoplasmic,0.53
dusC,Cytoplasmic,0.96
dut,Cytoplasmic,0.61
dxr,Cytoplasmic,0.77
dxs,Cytoplasmic,1.02
eamA,IntegralMembraneProtein,8.35
ebgR,Cytoplasmic,0.64
ecnB,Lipoprotein,0.00
eco,Periplasmic,0.63
eda,Cytoplasmic,0.67
edd,Cytoplasmic,0.91
efeB,Periplasmic,0.89
efeO,Periplasmic,0.64
efp,Cytoplasmic,0.53
elaA,Cytoplasmic,0.69
elaB,IntegralMembraneProtein,0.86
elbA,Cytoplasmic,0.81
elbB,Cytoplasmic,0.68
emrA,Membrane-anchored,3.54
emrB,IntegralMembraneProtein,4.16
emrD,IntegralMembraneProtein,8.93
emrE,IntegralMembraneProtein,0.97
emtA,OutermembraneLipoprotein,2.45
endA,Periplasmic,0.71
engA,Cytoplasmic,0.86
engB,Cytoplasmic,0.69
eno,Cytoplasmic,0.54
entA,Cytoplasmic,0.84
entB,Cytoplasmic,0.86
entC,Cytoplasmic,0.72
entE,Cytoplasmic,0.73
entF,Cytoplasmic,1.54
entS,IntegralMembraneProtein,3.00
envC,Periplasmic,0.79
envZ,IntegralMembraneProtein,2.31
epd,Cytoplasmic,0.87
eptA,IntegralMembraneProtein,5.20
eptB,IntegralMembraneProtein,2.82
era,Cytoplasmic,0.63
erfK,Periplasmic,1.08
erpA,Cytoplasmic,0.57
etk,IntegralMembraneProtein,1.00
eutB,Cytoplasmic,0.85
eutC,Cytoplasmic,0.75
eutL,-,0.71
evgA,Cytoplasmic,0.58
evgS,IntegralMembraneProtein,0.80
exbB,IntegralMembraneProtein,3.11
exbD,Membrane-anchored,7.44
exoX,Cytoplasmic,1.12
exuR,Cytoplasmic,0.68
fabA,Cytoplasmic,0.69
fabB,Cytoplasmic,1.07
fabD,Cytoplasmic,0.76
fabF,Cytoplasmic,0.83
fabG,Cytoplasmic,0.55
fabH,Cytoplasmic,0.82
fabI,Cytoplasmic,0.74
fabR,Cytoplasmic,0.63
fabZ,Cytoplasmic,0.54
fadD,Cytoplasmic,0.68
fadE,IntegralMembraneProtein,1.33
fadL,OutermembraneProtein,0.98
fadR,Cytoplasmic,0.57
fbaA,Cytoplasmic,0.58
fbaB,Cytoplasmic,1.07
fbp,Cytoplasmic,0.95
fdhD,Cytoplasmic,0.86
fdhE,Cytoplasmic,0.62
fdoG,-,1.30
fdoH,Membrane-anchored,0.74
fdoI,IntegralMembraneProtein,16.59
fdx,Cytoplasmic,0.52
fecA,OutermembraneProtein,1.08
fecB,Periplasmic,2.59
fecR,IntegralMembraneProtein,0.75
feoA,Cytoplasmic,0.56
feoB,IntegralMembraneProtein,4.35
fepA,OutermembraneProtein,0.81
fepB,Periplasmic,0.72
fepD,IntegralMembraneProtein,3.30
fepG,IntegralMembraneProtein,3.36
fhlA,Cytoplasmic,1.03
fhuA,OutermembraneProtein,0.84
fhuB,IntegralMembraneProtein,4.79
fhuC,Cytoplasmic,0.62
fhuD,Periplasmic,0.70
fhuE,OutermembraneProtein,1.49
fhuF,Cytoplasmic,0.77
fieF,IntegralMembraneProtein,1.52
fis,Cytoplasmic,0.58
fiu,OutermembraneProtein,1.19
fklB,Cytoplasmic,0.62
fkpA,Periplasmic,0.58
fkpB,Cytoplasmic,0.57
fldA,Cytoplasmic,0.68
fldB,Cytoplasmic,0.79
fliY,Periplasmic,0.55
flk,Membrane-anchored,0.60
flu,OutermembraneProtein,0.91
fmt,Cytoplasmic,0.68
fnr,Cytoplasmic,0.89
focA,IntegralMembraneProtein,2.14
folA,Cytoplasmic,0.60
folB,Cytoplasmic,0.85
folC,Cytoplasmic,0.77
folD,Cytoplasmic,0.68
folE,Cytoplasmic,0.89
folK,Cytoplasmic,0.52
folM,Cytoplasmic,0.70
folP,Cytoplasmic,0.65
folX,Cytoplasmic,0.55
fpr,Cytoplasmic,0.95
frcK,-,0.74
frdA,Cytoplasmic,1.20
frdB,Cytoplasmic,0.77
frdC,IntegralMembraneProtein,3.26
frdD,IntegralMembraneProtein,12.30
fre,Cytoplasmic,0.76
frlR,Cytoplasmic,0.63
frmA,Cytoplasmic,0.74
frmB,Cytoplasmic,0.83
frmR,Cytoplasmic,0.75
frr,Cytoplasmic,0.57
frsA,Cytoplasmic,0.85
fruR,Cytoplasmic,0.61
fsr,IntegralMembraneProtein,3.19
ftnA,Cytoplasmic,0.53
ftsA,Cytoplasmic,0.79
ftsB,Membrane-anchored,14.31
ftsE,Cytoplasmic,0.74
ftsI,Membrane-anchored,1.24
ftsK,IntegralMembraneProtein,1.92
ftsL,Membrane-anchored,1.27
ftsN,Membrane-anchored,0.68
ftsP,Periplasmic,0.93
ftsQ,Membrane-anchored,1.57
ftsW,IntegralMembraneProtein,2.27
ftsX,IntegralMembraneProtein,1.60
ftsY,Cytoplasmic,0.70
ftsZ,Cytoplasmic,0.73
fucI,Cytoplasmic,1.25
fumA,Cytoplasmic,0.68
fumB,Cytoplasmic,0.79
fumC,Cytoplasmic,0.63
fur,Cytoplasmic,0.49
fusA,Cytoplasmic,0.83
fxsA,IntegralMembraneProtein,2.37
gabD,Cytoplasmic,0.86
gadW,Cytoplasmic,1.54
gadX,Cytoplasmic,2.17
galE,Cytoplasmic,0.87
galF,Cytoplasmic,0.71
galK,Cytoplasmic,0.78
galM,Cytoplasmic,0.69
galP,IntegralMembraneProtein,3.13
galR,Cytoplasmic,0.69
galT,Cytoplasmic,0.80
galU,Cytoplasmic,0.72
gapA,Cytoplasmic,0.59
gatC,IntegralMembraneProtein,1.52
gatY,Cytoplasmic,0.65
gatZ,Cytoplasmic,0.50
gcd,IntegralMembraneProtein,1.70
gcvA,Cytoplasmic,0.75
gcvH,Cytoplasmic,0.49
gcvP,Cytoplasmic,1.05
gcvR,Cytoplasmic,1.05
gcvT,Cytoplasmic,0.72
gdhA,Cytoplasmic,0.98
ggt,Periplasmic,1.03
ghrA,Cytoplasmic,0.76
ghrB,Cytoplasmic,0.71
gidB,Cytoplasmic,0.55
glcB,Cytoplasmic,0.82
glf,Cytoplasmic,0.72
glgA,Cytoplasmic,1.10
glgB,Cytoplasmic,1.09
glgC,Cytoplasmic,0.90
glgP,Cytoplasmic,1.47
glgX,Cytoplasmic,1.03
glk,Cytoplasmic,0.90
glmM,Cytoplasmic,1.00
glmS,Cytoplasmic,2.94
glmU,Cytoplasmic,0.67
glnA,Cytoplasmic,1.08
glnB,Cytoplasmic,0.52
glnD,Cytoplasmic,1.47
glnE,Cytoplasmic,1.40
glnG,Cytoplasmic,0.72
glnH,Periplasmic,0.71
glnL,Cytoplasmic,0.86
glnP,IntegralMembraneProtein,1.14
glnQ,Cytoplasmic,0.78
glnS,Cytoplasmic,0.98
gloA,Cytoplasmic,0.54
gloB,Cytoplasmic,0.65
glpD,Cytoplasmic,1.10
glpE,Cytoplasmic,0.66
glpG,IntegralMembraneProtein,6.58
glpK,Cytoplasmic,1.17
glpR,Cytoplasmic,0.62
glpX,Cytoplasmic,0.80
gltA,Cytoplasmic,0.90
gltB,Cytoplasmic,1.00
gltD,Cytoplasmic,1.07
gltF,Periplasmic,0.56
gltI,Periplasmic,0.55
gltJ,IntegralMembraneProtein,8.59
gltK,IntegralMembraneProtein,1.04
gltL,Cytoplasmic,0.70
gltP,IntegralMembraneProtein,8.27
gltS,IntegralMembraneProtein,1.57
gltX,Cytoplasmic,0.82
glyA,Cytoplasmic,0.76
glyQ,Cytoplasmic,1.16
glyS,Cytoplasmic,0.65
gmd,Cytoplasmic,1.01
gmhA,Cytoplasmic,0.54
gmhB,Cytoplasmic,0.73
gmk,Cytoplasmic,0.55
gmr,-,0.98
gnd,Cytoplasmic,1.12
gnsA,Cytoplasmic,0.53
gnsB,Cytoplasmic,0.47
gntR,Cytoplasmic,0.76
gntT,IntegralMembraneProtein,1.92
gntU,IntegralMembraneProtein,2.80
gntY,Cytoplasmic,0.60
gor,Cytoplasmic,0.89
gph,Cytoplasmic,0.53
gpmA,Cytoplasmic,0.67
gpmM,Cytoplasmic,0.79
gpp,Cytoplasmic,1.45
gpsA,Cytoplasmic,0.67
gpt,Cytoplasmic,0.60
greA,Cytoplasmic,0.50
groEL,Cytoplasmic,0.67
groES,Cytoplasmic,0.51
grpE,Cytoplasmic,0.58
grxA,Cytoplasmic,0.61
grxB,Cytoplasmic,0.72
grxC,Cytoplasmic,0.61
grxD,Cytoplasmic,0.54
gshA,Cytoplasmic,0.92
gshB,Cytoplasmic,0.61
gsiA,IntegralMembraneProtein,0.95
gsiB,Periplasmic,0.79
gsiC,IntegralMembraneProtein,7.24
gsiD,IntegralMembraneProtein,3.28
gsk,Cytoplasmic,0.83
gsp,Cytoplasmic,1.00
gst,Cytoplasmic,0.70
guaA,Cytoplasmic,1.08
guaB,Cytoplasmic,0.64
guaC,Cytoplasmic,0.70
gudD,Cytoplasmic,0.78
gutQ,Cytoplasmic,0.87
gyrA,Cytoplasmic,0.82
gyrB,Cytoplasmic,0.81
hcaT,IntegralMembraneProtein,4.76
hchA,Cytoplasmic,0.75
hda,IntegralMembraneProtein,0.83
hdeA,Periplasmic,0.59
hdeB,Periplasmic,0.58
hdeD,IntegralMembraneProtein,11.38
hdfR,Cytoplasmic,0.65
hdhA,Cytoplasmic,0.87
helD,Cytoplasmic,1.29
hemA,Cytoplasmic,0.80
hemB,Cytoplasmic,0.76
hemC,Cytoplasmic,0.61
hemD,Cytoplasmic,0.78
hemE,Cytoplasmic,0.99
hemF,Cytoplasmic,0.91
hemG,Cytoplasmic,0.77
hemH,Cytoplasmic,0.67
hemL,Cytoplasmic,0.86
hemN,Cytoplasmic,0.93
hemX,Membrane-anchored,0.79
hemY,IntegralMembraneProtein,5.54
hepA,Cytoplasmic,1.07
hflB,IntegralMembraneProtein,2.91
hflC,Membrane-anchored,6.88
hflD,Cytoplasmic,0.77
hflK,Membrane-anchored,0.66
hflX,Cytoplasmic,0.82
hfq,Cytoplasmic,0.53
hha,Cytoplasmic,0.49
hinT,Cytoplasmic,0.51
hipA,Cytoplasmic,0.85
hisA,Cytoplasmic,0.81
hisB,Cytoplasmic,0.73
hisC,Cytoplasmic,0.88
hisD,Cytoplasmic,0.72
hisF,Cytoplasmic,0.63
hisG,Cytoplasmic,0.64
hisH,Cytoplasmic,0.72
hisI,Cytoplasmic,0.65
hisJ,Periplasmic,0.67
hisL,Cytoplasmic,0.38
hisM,IntegralMembraneProtein,4.76
hisP,Cytoplasmic,0.57
hisQ,IntegralMembraneProtein,4.05
hisS,Cytoplasmic,0.98
hmp,Cytoplasmic,0.54
hns,Cytoplasmic,0.53
holA,Cytoplasmic,0.77
holB,Cytoplasmic,0.93
holC,Cytoplasmic,0.53
holD,Cytoplasmic,0.75
holE,Cytoplasmic,0.53
hpf,Cytoplasmic,0.51
hpt,Cytoplasmic,0.56
hrpA,Cytoplasmic,0.85
hrpB,Cytoplasmic,1.16
hscA,Cytoplasmic,0.75
hscB,Cytoplasmic,0.64
hsdM,Cytoplasmic,0.75
hsdR,Cytoplasmic,0.82
hsdS,Cytoplasmic,0.69
hslJ,OutermembraneProtein,0.57
hslO,Cytoplasmic,0.69
hslR,Cytoplasmic,0.76
hslU,Cytoplasmic,0.63
hslV,Cytoplasmic,0.65
hspQ,Cytoplasmic,0.92
htpG,Cytoplasmic,0.78
htpX,IntegralMembraneProtein,4.54
htrG,IntegralMembraneProtein,0.70
htrL,Cytoplasmic,0.74
hupA,Cytoplasmic,0.52
hupB,Cytoplasmic,0.64
hybB,IntegralMembraneProtein,4.38
hybC,Periplasmic,1.11
hybO,Membrane-anchored,0.85
hypB,Cytoplasmic,1.11
hypF,Cytoplasmic,1.39
iaaA,Cytoplasmic,0.75
iadA,Cytoplasmic,0.84
iap,Periplasmic,0.81
ibpA,Cytoplasmic,1.31
icd,Cytoplasmic,0.84
iclR,Cytoplasmic,0.64
ihfA,Cytoplasmic,0.47
ihfB,Cytoplasmic,0.53
ileS,Cytoplasmic,0.95
ilvA,Cytoplasmic,1.02
ilvB,Cytoplasmic,0.78
ilvC,Cytoplasmic,0.59
ilvD,Cytoplasmic,0.98
ilvE,Cytoplasmic,0.73
ilvH,Cytoplasmic,0.57
ilvI,Cytoplasmic,1.08
ilvL,Cytoplasmic,0.56
ilvN,Cytoplasmic,0.48
imp,OutermembraneProtein,0.98
inaA,Cytoplasmic,0.58
infA,Cytoplasmic,0.52
infB,Cytoplasmic,0.62
infC,Cytoplasmic,0.52
insG,IntegralMembraneProtein,1.67
intA,Cytoplasmic,0.86
intD,Cytoplasmic,1.66
intS,Cytoplasmic,0.61
intZ,-,0.65
ipk,-,1.76
iscA,Cytoplasmic,0.64
iscR,Cytoplasmic,0.61
iscS,Cytoplasmic,0.60
iscU,Cytoplasmic,0.54
iscX,Cytoplasmic,0.48
ispA,Cytoplasmic,0.83
ispB,Cytoplasmic,0.99
ispD,Cytoplasmic,0.66
ispF,Cytoplasmic,0.55
ispG,Cytoplasmic,0.71
ispH,Cytoplasmic,0.67
ispU,Cytoplasmic,0.71
ivbL,Cytoplasmic,0.56
ivy,Periplasmic,0.63
katE,Cytoplasmic,0.93
katG,Cytoplasmic,0.96
kbl,Cytoplasmic,0.78
kch,IntegralMembraneProtein,2.39
kdgK,Cytoplasmic,0.96
kdgR,Cytoplasmic,0.59
kdpB,IntegralMembraneProtein,1.84
kdpD,IntegralMembraneProtein,1.39
kdsA,Cytoplasmic,0.66
kdsB,Cytoplasmic,0.65
kdsC,Cytoplasmic,0.60
kdsD,Cytoplasmic,0.69
kduD,Cytoplasmic,1.03
kefA,IntegralMembraneProtein,3.23
kefB,IntegralMembraneProtein,2.04
kefC,IntegralMembraneProtein,2.53
kefF,Cytoplasmic,1.33
kgtP,IntegralMembraneProtein,5.54
ksgA,Cytoplasmic,0.60
ldcA,Cytoplasmic,1.37
ldcC,Cytoplasmic,1.64
ldhA,Cytoplasmic,0.76
lepA,Cytoplasmic,1.11
lepB,IntegralMembraneProtein,1.48
leuA,Cytoplasmic,0.93
leuB,Cytoplasmic,1.18
leuC,Cytoplasmic,0.73
leuD,Cytoplasmic,0.60
leuE,IntegralMembraneProtein,5.14
leuL,Cytoplasmic,0.51
leuS,Cytoplasmic,0.92
lexA,Cytoplasmic,0.64
lgt,IntegralMembraneProtein,5.71
ligA,Cytoplasmic,0.71
lipA,Cytoplasmic,0.75
lipB,Cytoplasmic,0.79
livF,Cytoplasmic,0.89
livG,Cytoplasmic,0.90
livH,IntegralMembraneProtein,1.88
livJ,Periplasmic,0.59
livK,Periplasmic,0.65
livM,IntegralMembraneProtein,4.83
lldD,Membraneassociated,1.06
lldP,IntegralMembraneProtein,7.49
lnt,IntegralMembraneProtein,2.44
lolA,Periplasmic,0.71
lolB,OutermembraneLipoprotein,0.61
lolC,IntegralMembraneProtein,2.55
lolD,Lipoprotein,0.71
lolE,IntegralMembraneProtein,1.34
lon,Cytoplasmic,0.77
lpd,Cytoplasmic,0.66
lplA,Cytoplasmic,0.88
lplT,IntegralMembraneProtein,3.88
lpp,OutermembraneLipoprotein,0.52
lptA,Periplasmic,0.68
lptB,Cytoplasmic,0.65
lpxA,Cytoplasmic,0.60
lpxB,Cytoplasmic,0.69
lpxC,Cytoplasmic,0.73
lpxD,Cytoplasmic,0.63
lpxH,Cytoplasmic,0.91
lpxK,IntegralMembraneProtein,1.53
lpxL,IntegralMembraneProtein,1.27
lpxM,IntegralMembraneProtein,0.63
lpxP,Membrane-anchored,2.71
lrhA,Cytoplasmic,0.68
lrp,Cytoplasmic,0.57
lspA,IntegralMembraneProtein,3.43
lsrR,Cytoplasmic,1.02
ltaE,Cytoplasmic,0.65
luxS,Cytoplasmic,0.65
lysA,Cytoplasmic,0.81
lysC,Cytoplasmic,0.92
lysP,IntegralMembraneProtein,4.35
lysS,Cytoplasmic,0.64
lysU,Cytoplasmic,0.66
maa,Cytoplasmic,0.52
macA,IntegralMembraneProtein,1.84
macB,IntegralMembraneProtein,1.82
maeA,Cytoplasmic,0.89
maeB,Cytoplasmic,0.99
mak,Cytoplasmic,0.76
malE,Periplasmic,0.64
malP,Cytoplasmic,1.26
malQ,Cytoplasmic,0.84
malT,Cytoplasmic,1.83
malY,Cytoplasmic,0.97
malZ,Cytoplasmic,1.00
manA,Cytoplasmic,0.65
manX,Cytoplasmic,0.70
manY,IntegralMembraneProtein,4.31
manZ,IntegralMembraneProtein,2.20
map,Cytoplasmic,0.62
marA,Cytoplasmic,0.55
marC,IntegralMembraneProtein,5.38
mazG,Cytoplasmic,0.82
mcrB,Cytoplasmic,0.98
mcrC,Cytoplasmic,0.65
mdaB,Cytoplasmic,0.63
mdh,Cytoplasmic,0.61
mdlA,IntegralMembraneProtein,4.87
mdlB,IntegralMembraneProtein,1.68
mdoB,IntegralMembraneProtein,7.16
mdoC,IntegralMembraneProtein,3.36
mdoD,Periplasmic,0.99
mdoG,Periplasmic,0.75
mdoH,IntegralMembraneProtein,1.36
mdtA,Periplasmic,2.24
mdtB,IntegralMembraneProtein,2.79
mdtC,IntegralMembraneProtein,2.00
mdtI,IntegralMembraneProtein,5.21
mdtJ,IntegralMembraneProtein,8.24
mdtK,IntegralMembraneProtein,3.14
mdtL,IntegralMembraneProtein,6.37
menA,IntegralMembraneProtein,4.64
menB,Cytoplasmic,0.85
menC,Cytoplasmic,0.86
menD,Cytoplasmic,1.15
menE,Cytoplasmic,0.91
menF,Cytoplasmic,0.68
mepA,Periplasmic,0.69
metA,Cytoplasmic,1.12
metB,Cytoplasmic,1.61
metC,Cytoplasmic,0.96
metE,Cytoplasmic,0.83
metF,Cytoplasmic,0.60
metG,Cytoplasmic,1.16
metH,Cytoplasmic,1.31
metI,IntegralMembraneProtein,1.62
metJ,Cytoplasmic,0.55
metK,Cytoplasmic,0.93
metL,Cytoplasmic,1.09
metN,Cytoplasmic,0.69
metQ,Lipoprotein,1.12
metR,Cytoplasmic,0.89
mfd,Cytoplasmic,0.82
mglA,Cytoplasmic,0.96
mglB,Periplasmic,0.65
mglC,IntegralMembraneProtein,6.59
mgrB,IntegralMembraneProtein,0.86
mgsA,Cytoplasmic,0.66
mgtA,IntegralMembraneProtein,2.35
mhpE,Cytoplasmic,0.69
mhpF,Cytoplasmic,0.68
miaA,Cytoplasmic,1.00
miaB,Cytoplasmic,0.93
minC,Cytoplasmic,0.75
minD,Cytoplasmic,0.69
minE,Cytoplasmic,0.52
mioC,Cytoplasmic,0.65
mipA,OutermembraneProtein,0.83
mltA,OutermembraneLipoprotein,0.66
mltB,OutermembraneLipoprotein,0.76
mltC,OutermembraneLipoprotein,0.90
mltD,OutermembraneLipoprotein,0.79
mngB,Cytoplasmic,1.05
mngR,Cytoplasmic,0.64
mnmA,Cytoplasmic,0.98
mnmC,Cytoplasmic,0.98
mnmG,Cytoplasmic,0.99
mntH,IntegralMembraneProtein,1.50
mntR,Cytoplasmic,0.70
moaA,Cytoplasmic,1.03
moaB,Cytoplasmic,0.81
moaC,Cytoplasmic,0.62
moaD,Cytoplasmic,0.75
moaE,Cytoplasmic,0.67
modA,Periplasmic,0.70
modB,IntegralMembraneProtein,5.28
modE,Cytoplasmic,0.66
modF,Cytoplasmic,0.96
moeA,Cytoplasmic,0.76
moeB,Cytoplasmic,0.64
mogA,Cytoplasmic,0.74
mpl,Cytoplasmic,1.00
mppA,Periplasmic,1.02
mprA,Cytoplasmic,0.71
mqo,Membraneassociated,1.13
mraW,Cytoplasmic,0.59
mraY,IntegralMembraneProtein,3.20
mraZ,Cytoplasmic,0.97
mrcA,Membrane-anchored,1.86
mrcB,Membrane-anchored,3.88
mrdA,Membrane-anchored,2.58
mrdB,IntegralMembraneProtein,5.53
mreB,Cytoplasmic,0.75
mreC,Membrane-anchored,4.70
mreD,IntegralMembraneProtein,10.31
mrp,Cytoplasmic,0.69
mrr,Cytoplasmic,0.56
msbA,IntegralMembraneProtein,1.95
mscL,IntegralMembraneProtein,1.06
mscS,IntegralMembraneProtein,1.44
msrA,Cytoplasmic,0.78
msrB,Cytoplasmic,0.52
msyB,Cytoplasmic,0.93
mtfA,Cytoplasmic,1.21
mtgA,Membrane-anchored,4.42
mtlA,IntegralMembraneProtein,1.25
mtlD,Cytoplasmic,0.67
mtn,Cytoplasmic,0.67
mtr,IntegralMembraneProtein,2.72
mug,Cytoplasmic,0.72
mukB,Cytoplasmic,0.96
mukE,Cytoplasmic,0.55
mukF,Cytoplasmic,0.73
murA,Cytoplasmic,0.76
murB,Cytoplasmic,0.80
murC,Cytoplasmic,0.75
murD,Cytoplasmic,0.72
murE,Cytoplasmic,1.24
murF,Cytoplasmic,0.77
murG,Membraneassociated,1.06
murI,Cytoplasmic,0.91
murQ,Cytoplasmic,0.63
mutL,Cytoplasmic,1.01
mutM,Cytoplasmic,0.77
mutS,Cytoplasmic,1.19
mutT,Cytoplasmic,0.59
mutY,Cytoplasmic,0.69
nadA,Cytoplasmic,0.81
nadB,Cytoplasmic,0.97
nadC,Cytoplasmic,0.64
nadD,Cytoplasmic,0.70
nadE,Cytoplasmic,0.65
nadR,Cytoplasmic,0.78
nagA,Cytoplasmic,0.70
nagB,Cytoplasmic,0.58
nagC,Cytoplasmic,1.48
nagD,Cytoplasmic,0.67
nagE,IntegralMembraneProtein,1.54
nagK,Cytoplasmic,1.10
nagZ,Cytoplasmic,0.84
nanA,Cytoplasmic,0.88
nanR,Cytoplasmic,0.55
napA,Periplasmic,1.73
narL,Cytoplasmic,0.64
narP,Cytoplasmic,0.87
narQ,IntegralMembraneProtein,1.88
narX,IntegralMembraneProtein,1.40
ndh,Cytoplasmic,0.60
ndk,Cytoplasmic,0.52
nei,Cytoplasmic,0.77
nemA,-,0.78
nepI,IntegralMembraneProtein,5.61
nfi,Cytoplasmic,0.85
nfo,Cytoplasmic,0.72
nfrA,OutermembraneProtein,0.81
nfsA,Cytoplasmic,0.84
nfsB,-,0.77
nhaA,IntegralMembraneProtein,10.40
nhaB,IntegralMembraneProtein,6.59
nhaR,Cytoplasmic,0.82
nikR,Cytoplasmic,0.60
nirC,IntegralMembraneProtein,4.63
nlpA,Lipoprotein,0.66
nlpC,Lipoprotein,2.17
nlpD,OutermembraneLipoprotein,0.97
nlpE,OutermembraneProtein,0.78
nlpI,OutermembraneLipoprotein,0.69
norR,Cytoplasmic,0.98
npr,Cytoplasmic,0.47
nrdA,Cytoplasmic,2.39
nrdB,Cytoplasmic,1.04
nrdD,Cytoplasmic,0.82
nrdE,Cytoplasmic,1.30
nrdF,Cytoplasmic,1.53
nrdR,Cytoplasmic,0.72
nsrR,Cytoplasmic,0.54
nth,Cytoplasmic,0.53
ntpA,Cytoplasmic,0.68
nudC,Cytoplasmic,0.76
nudE,Cytoplasmic,0.56
nudF,Cytoplasmic,0.82
nudJ,Cytoplasmic,0.73
nudK,Cytoplasmic,0.84
nuoA,IntegralMembraneProtein,12.03
nuoB,Cytoplasmic,1.07
nuoC,Cytoplasmic,1.10
nuoE,Cytoplasmic,0.52
nuoF,Cytoplasmic,0.74
nuoG,Cytoplasmic,1.01
nuoH,IntegralMembraneProtein,2.51
nuoI,Cytoplasmic,0.81
nuoJ,IntegralMembraneProtein,5.29
nuoK,IntegralMembraneProtein,4.88
nuoL,IntegralMembraneProtein,7.63
nuoM,IntegralMembraneProtein,5.70
nuoN,IntegralMembraneProtein,2.67
nupC,IntegralMembraneProtein,3.44
nupG,IntegralMembraneProtein,4.17
nusA,Cytoplasmic,0.58
nusB,Cytoplasmic,0.71
nusG,Cytoplasmic,0.60
obgE,Cytoplasmic,0.68
ompA,OutermembraneProtein,0.58
ompC,OutermembraneProtein,0.86
ompF,OutermembraneProtein,0.79
ompR,Cytoplasmic,0.69
ompT,OutermembraneProtein,0.92
ompX,OutermembraneProtein,0.76
oppA,Periplasmic,0.51
oppC,IntegralMembraneProtein,3.60
oppD,Cytoplasmic,0.74
oppF,Cytoplasmic,0.76
orn,Cytoplasmic,0.65
osmB,OutermembraneLipoprotein,0.81
osmC,Cytoplasmic,0.81
osmE,OutermembraneLipoprotein,0.72
osmY,Periplasmic,0.62
otsA,Cytoplasmic,0.85
oxyR,Cytoplasmic,0.75
paaX,Cytoplasmic,0.75
pabA,Cytoplasmic,0.73
pabB,Cytoplasmic,0.76
pabC,Cytoplasmic,0.80
pal,OutermembraneLipoprotein,0.56
panB,Cytoplasmic,0.80
panC,Cytoplasmic,0.65
panD,Cytoplasmic,0.56
panE,Cytoplasmic,1.05
panF,IntegralMembraneProtein,3.52
parC,Cytoplasmic,1.24
parE,Cytoplasmic,0.84
pbpC,IntegralMembraneProtein,1.15
pbpG,Periplasmic,0.81
pck,Cytoplasmic,0.86
pcm,Cytoplasmic,0.73
pcnB,Cytoplasmic,2.01
pdhR,Cytoplasmic,0.58
pdxA,Cytoplasmic,0.66
pdxB,Cytoplasmic,0.81
pdxH,Cytoplasmic,0.74
pdxJ,Cytoplasmic,0.74
pdxK,Cytoplasmic,0.74
pdxY,Cytoplasmic,0.90
pepA,Cytoplasmic,0.85
pepB,Cytoplasmic,0.71
pepD,Cytoplasmic,0.83
pepN,Cytoplasmic,1.09
pepP,Cytoplasmic,0.89
pepQ,Cytoplasmic,0.76
pepT,Cytoplasmic,0.85
pfkA,Cytoplasmic,0.84
pfkB,Cytoplasmic,0.75
pflA,Cytoplasmic,0.92
pflB,Cytoplasmic,0.62
pgi,Cytoplasmic,0.65
pgk,Cytoplasmic,0.61
pgl,Cytoplasmic,0.68
pgm,Cytoplasmic,0.69
pgpA,IntegralMembraneProtein,2.09
pgpB,IntegralMembraneProtein,3.87
pgsA,IntegralMembraneProtein,5.47
pheA,Cytoplasmic,0.77
pheL,Cytoplasmic,0.38
pheM,Cytoplasmic,0.64
pheP,IntegralMembraneProtein,2.15
pheS,Cytoplasmic,0.72
pheT,Cytoplasmic,1.29
phoA,Periplasmic,1.23
phoB,Cytoplasmic,1.08
phoE,OutermembraneProtein,2.30
phoP,Cytoplasmic,0.57
phoQ,IntegralMembraneProtein,2.48
phoR,Membrane-anchored,2.52
phoU,Cytoplasmic,0.73
phr,Cytoplasmic,1.17
pitA,IntegralMembraneProtein,2.60
pldA,OutermembraneProtein,1.04
pldB,Cytoplasmic,1.38
plsB,Cytoplasmic,1.23
plsC,Membrane-anchored,2.89
plsX,Cytoplasmic,0.78
pmbA,Cytoplasmic,1.04
pmrD,Cytoplasmic,0.54
pncA,Cytoplasmic,0.77
pncB,Cytoplasmic,1.01
pnp,Cytoplasmic,0.82
pntA,IntegralMembraneProtein,2.16
pntB,IntegralMembraneProtein,4.10
pnuC,IntegralMembraneProtein,1.82
polA,Cytoplasmic,0.72
polB,Cytoplasmic,1.05
potA,Cytoplasmic,0.73
potB,IntegralMembraneProtein,5.35
potC,IntegralMembraneProtein,9.18
potD,Periplasmic,0.80
potF,Periplasmic,0.76
potG,Cytoplasmic,0.84
potH,IntegralMembraneProtein,7.21
poxA,Cytoplasmic,0.98
poxB,Cytoplasmic,1.19
ppa,Cytoplasmic,0.60
ppc,Cytoplasmic,0.98
ppiA,Periplasmic,0.56
ppiB,Cytoplasmic,0.57
ppiC,Cytoplasmic,0.54
ppiD,IntegralMembraneProtein,1.70
ppk,Cytoplasmic,0.98
ppnK,Cytoplasmic,0.94
pppA,IntegralMembraneProtein,1.38
pps,Cytoplasmic,0.91
ppx,Cytoplasmic,1.41
pqiA,IntegralMembraneProtein,2.44
pqiB,Membrane-anchored,0.83
pqqL,Cytoplasmic,1.02
prc,Periplasmic,0.70
prfA,Cytoplasmic,0.66
prfB,Cytoplasmic,0.73
prfC,Cytoplasmic,0.90
priA,Cytoplasmic,0.78
priB,Cytoplasmic,0.69
prkB,Cytoplasmic,0.67
prlC,Cytoplasmic,0.61
prmA,Cytoplasmic,0.68
prmB,Cytoplasmic,0.74
prmC,Cytoplasmic,0.60
proA,Cytoplasmic,0.66
proB,Cytoplasmic,1.00
proC,Cytoplasmic,0.82
proP,IntegralMembraneProtein,1.18
proQ,Cytoplasmic,0.59
proS,Cytoplasmic,0.88
proV,Cytoplasmic,0.60
proW,IntegralMembraneProtein,1.31
proX,Periplasmic,0.73
proY,IntegralMembraneProtein,5.32
prs,Cytoplasmic,0.75
psd,Cytoplasmic,0.75
pspA,Cytoplasmic,0.52
pspB,Membrane-anchored,14.50
pspC,Membrane-anchored,2.56
pspE,Periplasmic,0.59
pspF,Cytoplasmic,1.05
pssA,Cytoplasmic,0.64
pstA,IntegralMembraneProtein,5.44
pstB,Cytoplasmic,0.73
pstC,IntegralMembraneProtein,2.17
pstS,Periplasmic,1.62
pta,Cytoplasmic,0.79
pth,Cytoplasmic,0.63
ptrA,Periplasmic,0.86
ptrB,Cytoplasmic,1.09
ptsG,IntegralMembraneProtein,1.27
ptsH,Cytoplasmic,0.53
ptsI,Cytoplasmic,0.62
ptsN,Cytoplasmic,0.57
ptsP,Cytoplasmic,1.48
purA,Cytoplasmic,0.94
purB,Cytoplasmic,0.93
purC,Cytoplasmic,0.58
purD,Cytoplasmic,0.71
purE,Cytoplasmic,0.70
purF,Cytoplasmic,0.86
purH,Cytoplasmic,0.81
purK,Cytoplasmic,0.94
purL,Cytoplasmic,1.09
purM,Cytoplasmic,0.84
purN,Cytoplasmic,0.67
purR,Cytoplasmic,0.77
purT,Cytoplasmic,1.03
purU,Cytoplasmic,0.58
putA,Cytoplasmic,1.02
putP,IntegralMembraneProtein,2.54
puuA,Cytoplasmic,1.02
pykA,Cytoplasmic,0.78
pykF,Cytoplasmic,0.56
pyrB,Cytoplasmic,0.87
pyrC,Cytoplasmic,0.76
pyrD,Cytoplasmic,0.76
pyrE,Cytoplasmic,0.56
pyrF,Cytoplasmic,0.76
pyrG,Cytoplasmic,0.82
pyrH,Cytoplasmic,2.52
pyrI,Cytoplasmic,0.51
qmcA,IntegralMembraneProtein,4.95
qseC,IntegralMembraneProtein,5.36
queA,Cytoplasmic,0.63
queC,-,1.16
queF,Cytoplasmic,0.81
racR,Cytoplasmic,0.45
radA,Cytoplasmic,1.09
raiA,Cytoplasmic,0.55
rarA,Cytoplasmic,0.71
rarD,IntegralMembraneProtein,6.03
ravA,Cytoplasmic,1.04
rbbA,Cytoplasmic,3.74
rbfA,Cytoplasmic,0.58
rbn,Cytoplasmic,1.40
rbn,Cytoplasmic,1.40
rbsA,Cytoplasmic,1.04
rbsB,Periplasmic,0.57
rbsC,IntegralMembraneProtein,5.90
rbsD,Cytoplasmic,0.54
rbsK,Cytoplasmic,0.84
rcnA,IntegralMembraneProtein,2.17
rcsA,Cytoplasmic,0.74
rcsB,Cytoplasmic,0.77
rcsC,IntegralMembraneProtein,2.38
rcsD,Membrane-anchored,4.66
rcsF,OutermembraneLipoprotein,0.70
rdgB,Cytoplasmic,0.57
rdgC,Cytoplasmic,0.77
rdoA,Cytoplasmic,1.06
recA,Cytoplasmic,0.87
recB,Cytoplasmic,1.22
recC,Cytoplasmic,1.33
recD,Cytoplasmic,0.86
recF,Cytoplasmic,1.25
recG,Cytoplasmic,0.72
recJ,Cytoplasmic,0.89
recN,Cytoplasmic,0.87
recO,Cytoplasmic,0.87
recQ,Cytoplasmic,0.85
recR,Cytoplasmic,0.85
relA,Cytoplasmic,0.99
relB,Cytoplasmic,0.56
rep,Cytoplasmic,0.94
rfaB,Cytoplasmic,0.86
rfaC,Cytoplasmic,0.68
rfaD,Cytoplasmic,0.90
rfaE,Cytoplasmic,0.96
rfaF,Cytoplasmic,0.72
rfaG,Cytoplasmic,0.66
rfaH,Cytoplasmic,0.59
rfaI,Cytoplasmic,0.80
rfaJ,Cytoplasmic,1.75
rfaL,IntegralMembraneProtein,4.53
rfaP,Cytoplasmic,0.62
rfaQ,Cytoplasmic,0.64
rfaS,Cytoplasmic,0.67
rfaY,Cytoplasmic,0.68
rfaZ,Cytoplasmic,0.67
rfbA,Cytoplasmic,0.54
rfbB,Cytoplasmic,0.69
rfbC,Cytoplasmic,0.63
rfbD,Cytoplasmic,0.88
rfbX,IntegralMembraneProtein,3.65
rfc,IntegralMembraneProtein,4.57
rfe,IntegralMembraneProtein,4.57
rffA,Cytoplasmic,1.06
rffC,Cytoplasmic,0.84
rffE,Cytoplasmic,0.82
rffG,Cytoplasmic,1.00
rffH,Cytoplasmic,0.87
rffM,Cytoplasmic,0.65
rffT,IntegralMembraneProtein,0.69
rhlB,Cytoplasmic,0.64
rhlE,Cytoplasmic,0.59
rho,Cytoplasmic,2.13
rhsD,Cytoplasmic,0.92
rhtA,IntegralMembraneProtein,24.87
rhtC,IntegralMembraneProtein,7.17
ribA,Cytoplasmic,0.75
ribB,Cytoplasmic,0.78
ribC,Cytoplasmic,0.61
ribD,Cytoplasmic,0.75
ribF,Cytoplasmic,0.70
ribH,Cytoplasmic,0.62
rihA,Cytoplasmic,0.71
rihC,Cytoplasmic,1.04
rimI,Cytoplasmic,0.62
rimJ,Cytoplasmic,1.08
rimK,Cytoplasmic,0.83
rimL,Cytoplasmic,0.70
rimM,Cytoplasmic,0.65
rimN,Cytoplasmic,0.60
rimO,Cytoplasmic,0.77
rlmB,Cytoplasmic,0.67
rlmF,Cytoplasmic,0.64
rlmG,Cytoplasmic,0.71
rlmL,Cytoplasmic,0.98
rlmN,Cytoplasmic,0.96
rlpA,OutermembraneLipoprotein,0.75
rlpB,OutermembraneLipoprotein,2.01
rluA,Cytoplasmic,0.78
rluB,Cytoplasmic,0.71
rluC,Cytoplasmic,0.56
rluD,Cytoplasmic,0.60
rluE,Cytoplasmic,0.53
rluF,Cytoplasmic,0.69
rmuC,Cytoplasmic,2.69
rna,Periplasmic,1.66
rnb,Cytoplasmic,0.65
rnc,Cytoplasmic,0.56
rnd,Cytoplasmic,1.02
rne,Cytoplasmic,0.66
rnfD,IntegralMembraneProtein,5.07
rng,Cytoplasmic,0.74
rnhA,Cytoplasmic,0.65
rnhB,Cytoplasmic,0.69
rnk,Cytoplasmic,0.60
rnlA,-,0.73
rnpA,Cytoplasmic,0.73
rnr,Cytoplasmic,0.82
rnt,Cytoplasmic,0.68
rob,Cytoplasmic,0.65
rof,Cytoplasmic,0.55
rpe,Cytoplasmic,0.65
rph,Cytoplasmic,0.70
rpiA,Cytoplasmic,0.65
rpiR,Cytoplasmic,0.71
rplA,Cytoplasmic,0.54
rplB,Cytoplasmic,0.62
rplC,Cytoplasmic,0.59
rplD,Cytoplasmic,0.61
rplE,Cytoplasmic,0.54
rplF,Cytoplasmic,0.57
rplI,Cytoplasmic,0.65
rplJ,Cytoplasmic,0.57
rplK,Cytoplasmic,0.62
rplL,Cytoplasmic,0.62
rplM,Cytoplasmic,0.74
rplN,Cytoplasmic,0.60
rplO,Cytoplasmic,0.60
rplP,Cytoplasmic,0.55
rplQ,Cytoplasmic,0.62
rplR,Cytoplasmic,0.50
rplS,Cytoplasmic,0.52
rplT,Cytoplasmic,0.49
rplU,Cytoplasmic,0.59
rplV,Cytoplasmic,0.54
rplW,Cytoplasmic,0.56
rplX,Cytoplasmic,0.54
rplY,Cytoplasmic,0.53
rpmA,Cytoplasmic,0.50
rpmB,Cytoplasmic,0.54
rpmC,Cytoplasmic,0.60
rpmD,Cytoplasmic,0.59
rpmE,Cytoplasmic,0.55
rpmF,Cytoplasmic,0.49
rpmG,Cytoplasmic,0.49
rpmH,Cytoplasmic,0.53
rpmI,Cytoplasmic,0.51
rpmJ,Cytoplasmic,0.45
rpoA,Cytoplasmic,0.73
rpoB,Cytoplasmic,0.76
rpoC,Cytoplasmic,1.21
rpoD,Cytoplasmic,0.62
rpoE,Cytoplasmic,0.52
rpoH,Cytoplasmic,0.57
rpoN,Cytoplasmic,0.67
rpoS,Cytoplasmic,0.53
rpoZ,Cytoplasmic,0.54
rppH,Cytoplasmic,0.70
rpsA,Cytoplasmic,0.68
rpsB,Cytoplasmic,0.51
rpsC,Cytoplasmic,0.53
rpsD,Cytoplasmic,0.61
rpsE,Cytoplasmic,0.55
rpsF,Cytoplasmic,0.55
rpsG,Cytoplasmic,0.53
rpsH,Cytoplasmic,0.63
rpsI,Cytoplasmic,0.59
rpsJ,Cytoplasmic,0.56
rpsK,Cytoplasmic,0.55
rpsL,Cytoplasmic,0.61
rpsM,Cytoplasmic,0.56
rpsN,Cytoplasmic,0.54
rpsO,Cytoplasmic,0.47
rpsP,Cytoplasmic,0.51
rpsQ,Cytoplasmic,0.54
rpsR,Cytoplasmic,0.51
rpsS,Cytoplasmic,0.54
rpsT,Cytoplasmic,0.51
rpsU,Cytoplasmic,0.51
rraA,Cytoplasmic,0.66
rraB,Cytoplasmic,0.59
rrmA,Cytoplasmic,0.63
rrmJ,Cytoplasmic,0.59
rseA,IntegralMembraneProtein,1.00
rseB,Periplasmic,0.98
rseC,IntegralMembraneProtein,5.13
rseP,IntegralMembraneProtein,1.71
rsgA,Cytoplasmic,0.84
rsmB,Cytoplasmic,0.67
rsmC,Cytoplasmic,0.64
rsmD,Cytoplasmic,0.67
rsmE,Cytoplasmic,0.68
rssA,Cytoplasmic,0.69
rssB,Cytoplasmic,1.34
rstA,Cytoplasmic,0.86
rstB,IntegralMembraneProtein,3.49
rsuA,Cytoplasmic,0.61
rsxA,IntegralMembraneProtein,4.40
rsxB,IntegralMembraneProtein,1.13
rsxC,IntegralMembraneProtein,0.68
rsxE,IntegralMembraneProtein,1.29
rsxG,IntegralMembraneProtein,0.64
rtn,IntegralMembraneProtein,2.53
rumA,Cytoplasmic,0.81
rumB,Cytoplasmic,0.94
ruvA,Cytoplasmic,0.84
ruvB,Cytoplasmic,0.74
ruvC,Cytoplasmic,0.68
sad,Cytoplasmic,0.70
sanA,IntegralMembraneProtein,8.46
sapA,Periplasmic,0.79
sapB,IntegralMembraneProtein,3.46
sapC,IntegralMembraneProtein,1.27
sapD,Cytoplasmic,0.60
sapF,Cytoplasmic,0.68
sbcB,Cytoplasmic,0.92
sbcC,Cytoplasmic,0.87
sbcD,Cytoplasmic,0.81
sbmA,IntegralMembraneProtein,9.25
sdaA,Cytoplasmic,0.65
sdaB,Cytoplasmic,0.75
sdaC,IntegralMembraneProtein,4.91
sdhA,Cytoplasmic,0.96
sdhB,Cytoplasmic,0.66
sdhC,IntegralMembraneProtein,10.19
sdhD,IntegralMembraneProtein,5.32
sdiA,Cytoplasmic,0.81
secA,Cytoplasmic,0.69
secB,Cytoplasmic,0.62
secD,IntegralMembraneProtein,4.33
secE,IntegralMembraneProtein,8.36
secF,IntegralMembraneProtein,4.21
secG,IntegralMembraneProtein,6.06
secM,Periplasmic,0.84
secY,IntegralMembraneProtein,1.43
selA,Cytoplasmic,0.98
selB,Cytoplasmic,0.93
selD,Cytoplasmic,1.15
seqA,Cytoplasmic,0.54
serA,Cytoplasmic,0.73
serB,Cytoplasmic,0.90
serC,Cytoplasmic,0.79
serS,Cytoplasmic,0.71
setA,IntegralMembraneProtein,5.98
sfsA,Cytoplasmic,0.83
sgrR,Cytoplasmic,1.61
shiA,IntegralMembraneProtein,1.99
sirA,Cytoplasmic,0.60
sixA,Cytoplasmic,0.69
skp,Periplasmic,0.52
slmA,Cytoplasmic,0.67
slt,Periplasmic,0.90
slyA,Cytoplasmic,0.90
slyB,OutermembraneProtein,0.87
slyD,Cytoplasmic,1.66
slyX,Cytoplasmic,0.58
smg,Cytoplasmic,0.52
smpA,OutermembraneLipoprotein,0.66
smpB,Cytoplasmic,0.64
smtA,Cytoplasmic,0.63
sodA,Cytoplasmic,0.57
sodB,Cytoplasmic,0.54
sohA,Cytoplasmic,0.56
sohB,IntegralMembraneProtein,1.32
solA,Cytoplasmic,0.84
soxS,Cytoplasmic,0.80
speA,Cytoplasmic,1.18
speB,Cytoplasmic,0.80
speC,Cytoplasmic,1.22
speD,Cytoplasmic,0.78
speE,Cytoplasmic,0.88
speG,Cytoplasmic,0.62
spoT,Cytoplasmic,0.72
sppA,Membrane-anchored,3.38
spr,Cytoplasmic,0.60
spy,Periplasmic,0.60
srlD,Cytoplasmic,2.33
srlR,Cytoplasmic,0.53
srmB,Cytoplasmic,0.93
ssb,Cytoplasmic,0.73
sscR,Cytoplasmic,0.63
sseA,Cytoplasmic,0.67
sseB,Cytoplasmic,0.55
sspA,Cytoplasmic,0.66
sspB,Cytoplasmic,0.63
sstT,IntegralMembraneProtein,5.01
sthA,Cytoplasmic,0.71
stpA,Cytoplasmic,0.59
sucA,Cytoplasmic,1.02
sucB,Cytoplasmic,5.48
sucC,Cytoplasmic,0.84
sucD,Cytoplasmic,0.68
sufB,Cytoplasmic,0.99
sufC,Cytoplasmic,0.68
sufD,Cytoplasmic,0.92
sufS,Cytoplasmic,0.87
sugE,IntegralMembraneProtein,4.74
suhB,Cytoplasmic,0.57
sulA,Cytoplasmic,0.69
surA,Periplasmic,0.57
surE,Cytoplasmic,0.69
syd,Cytoplasmic,0.56
tadA,Cytoplasmic,0.60
talA,Cytoplasmic,0.84
talB,Cytoplasmic,0.61
tas,Cytoplasmic,1.03
tatA,Membrane-anchored,20.16
tatB,IntegralMembraneProtein,7.86
tatC,IntegralMembraneProtein,2.35
tatD,Cytoplasmic,0.68
tatE,Membrane-anchored,5.54
tbpA,Periplasmic,0.85
tdcC,IntegralMembraneProtein,5.01
tdcE,Cytoplasmic,0.81
tdh,Cytoplasmic,0.78
tdk,Cytoplasmic,0.65
tehA,IntegralMembraneProtein,1.96
tehB,Cytoplasmic,0.64
tesA,Periplasmic,6.46
tesB,Cytoplasmic,0.67
tgt,Cytoplasmic,0.77
thiI,Cytoplasmic,0.95
thiL,Cytoplasmic,1.00
thiP,IntegralMembraneProtein,2.68
thrA,Cytoplasmic,1.20
thrB,Cytoplasmic,0.73
thrC,Cytoplasmic,0.73
thrL,Cytoplasmic,0.56
thrS,Cytoplasmic,0.86
thyA,Cytoplasmic,1.04
tig,Cytoplasmic,0.47
tilS,Cytoplasmic,0.86
tktA,Cytoplasmic,0.75
tktB,Cytoplasmic,1.17
tldD,Cytoplasmic,0.99
tmk,Cytoplasmic,0.70
tolA,Membrane-anchored,2.02
tolB,Periplasmic,1.12
tolC,OutermembraneProtein,0.54
tolQ,IntegralMembraneProtein,4.52
tolR,Membrane-anchored,11.58
tonB,Membrane-anchored,0.70
topA,Cytoplasmic,0.96
topB,Cytoplasmic,0.80
torR,Cytoplasmic,1.05
tpiA,Cytoplasmic,0.61
tppB,IntegralMembraneProtein,4.32
tpx,Periplasmic,0.59
tqsA,IntegralMembraneProtein,5.61
treA,Periplasmic,1.00
treB,IntegralMembraneProtein,2.38
treC,Cytoplasmic,1.26
treR,Cytoplasmic,0.65
trkA,Cytoplasmic,1.06
trkD,IntegralMembraneProtein,5.49
trkG,IntegralMembraneProtein,5.32
trkH,IntegralMembraneProtein,3.91
trmA,Cytoplasmic,1.19
trmB,Cytoplasmic,0.63
trmD,Cytoplasmic,0.69
trmE,Cytoplasmic,0.76
trmH,Cytoplasmic,0.69
trmJ,Cytoplasmic,0.76
trpA,Cytoplasmic,0.67
trpC,Cytoplasmic,1.09
trpD,Cytoplasmic,0.86
trpE,Cytoplasmic,0.98
trpH,-,1.03
trpR,Cytoplasmic,0.58
trpS,Cytoplasmic,1.20
truA,Cytoplasmic,0.73
truB,Cytoplasmic,0.57
truC,Cytoplasmic,0.99
truD,Cytoplasmic,0.74
trxA,Cytoplasmic,0.53
trxB,Cytoplasmic,0.69
trxC,Cytoplasmic,0.60
tsf,Cytoplasmic,0.58
tsgA,IntegralMembraneProtein,1.79
tsx,OutermembraneProtein,0.87
ttcA,Cytoplasmic,0.69
tufA,Cytoplasmic,0.54
tufB,Cytoplasmic,0.59
tus,Cytoplasmic,0.95
typA,Cytoplasmic,0.83
tyrA,Cytoplasmic,0.86
tyrB,Cytoplasmic,0.99
tyrP,IntegralMembraneProtein,2.40
tyrR,Cytoplasmic,0.81
tyrS,Cytoplasmic,0.79
ubiA,IntegralMembraneProtein,5.34
ubiB,IntegralMembraneProtein,0.73
ubiC,Cytoplasmic,0.74
ubiD,Cytoplasmic,0.76
ubiE,Cytoplasmic,0.68
ubiF,Cytoplasmic,1.22
ubiG,Cytoplasmic,0.66
ubiH,Cytoplasmic,0.90
ubiX,Cytoplasmic,0.96
ucpA,Cytoplasmic,0.78
udk,Cytoplasmic,0.64
udp,Cytoplasmic,0.62
ugd,Cytoplasmic,0.60
ugpB,Periplasmic,1.95
ugpQ,Cytoplasmic,0.64
uhpA,Cytoplasmic,0.98
uhpB,IntegralMembraneProtein,1.98
uhpC,IntegralMembraneProtein,2.49
uhpT,IntegralMembraneProtein,4.10
uidR,Cytoplasmic,0.53
ulaG,Cytoplasmic,1.02
ulaR,Cytoplasmic,0.57
ung,Cytoplasmic,0.69
upp,Cytoplasmic,0.62
uraA,IntegralMembraneProtein,1.19
usg,Cytoplasmic,0.77
ushA,Periplasmic,0.80
uspA,Cytoplasmic,0.71
uspD,Cytoplasmic,0.55
uspE,Cytoplasmic,0.64
uspG,Cytoplasmic,0.63
uup,Cytoplasmic,1.05
uvrA,Cytoplasmic,1.00
uvrB,Cytoplasmic,1.11
uvrC,Cytoplasmic,0.66
uvrD,Cytoplasmic,1.36
uvrY,Cytoplasmic,0.65
uxaC,Cytoplasmic,1.09
uxuA,Cytoplasmic,0.70
uxuB,Cytoplasmic,0.96
uxuR,Cytoplasmic,0.59
vacJ,OutermembraneProtein,0.81
valS,Cytoplasmic,0.89
visC,Lipoprotein,0.00
waaA,IntegralMembraneProtein,0.88
waaU,Cytoplasmic,0.67
wbbI,Cytoplasmic,0.64
wbbJ,Cytoplasmic,0.73
wbbK,Cytoplasmic,1.06
wecC,Cytoplasmic,0.84
wecH,IntegralMembraneProtein,5.64
wrbA,Cytoplasmic,1.15
wzxE,IntegralMembraneProtein,1.25
wzyE,IntegralMembraneProtein,5.55
wzzE,IntegralMembraneProtein,2.03
xerC,Cytoplasmic,0.84
xerD,Cytoplasmic,0.87
xni,Cytoplasmic,0.77
xseA,Cytoplasmic,0.69
xseB,Cytoplasmic,0.57
xthA,Cytoplasmic,0.64
xylR,Cytoplasmic,0.95
yaaA,Cytoplasmic,0.68
yaaH,IntegralMembraneProtein,5.58
yaaX,-,0.85
yabI,IntegralMembraneProtein,2.46
yacC,Periplasmic,0.78
yacF,Cytoplasmic,0.63
yacG,Cytoplasmic,0.59
yacL,Cytoplasmic,0.81
yadB,Cytoplasmic,1.05
yadE,Periplasmic,1.35
yadG,Cytoplasmic,0.68
yadH,IntegralMembraneProtein,5.12
yadS,IntegralMembraneProtein,3.74
yaeB,Cytoplasmic,0.88
yaeH,Cytoplasmic,0.55
yaeJ,Cytoplasmic,1.95
yaeQ,-,0.77
yaeR,-,0.80
yafC,Cytoplasmic,0.68
yafD,Cytoplasmic,0.71
yafJ,-,1.04
yafK,-,1.21
yafN,Cytoplasmic,0.54
yafT,Lipoprotein,0.58
yafV,-,0.78
yaiE,Cytoplasmic,0.66
yaiI,-,0.67
yaiL,Cytoplasmic,0.54
yaiW,OutermembraneProtein,0.65
yaiY,IntegralMembraneProtein,5.20
yaiZ,IntegralMembraneProtein,15.80
yajC,Membrane-anchored,14.20
yajD,Cytoplasmic,0.49
yajG,OutermembraneLipoprotein,0.73
yajI,OutermembraneLipoprotein,0.62
yajL,Cytoplasmic,0.73
yajO,Cytoplasmic,0.72
yajQ,Cytoplasmic,0.50
yajR,IntegralMembraneProtein,1.94
ybaB,Cytoplasmic,0.63
ybaK,Cytoplasmic,0.66
ybaL,IntegralMembraneProtein,2.37
ybaN,IntegralMembraneProtein,10.92
ybaO,Cytoplasmic,1.11
ybaP,-,0.77
ybaQ,Cytoplasmic,0.47
ybaY,Lipoprotein,0.61
ybbB,Cytoplasmic,0.77
ybbC,OutermembraneLipoprotein,0.00
ybbJ,IntegralMembraneProtein,1.55
ybbL,Cytoplasmic,0.58
ybbM,IntegralMembraneProtein,11.65
ybbN,Cytoplasmic,0.66
ybbO,-,0.69
ybbP,IntegralMembraneProtein,2.07
ybcH,-,2.67
ybcJ,Cytoplasmic,0.63
ybdF,Cytoplasmic,5.42
ybdG,IntegralMembraneProtein,3.17
ybdH,Cytoplasmic,0.81
ybdJ,IntegralMembraneProtein,19.05
ybdL,Cytoplasmic,0.88
ybeA,Cytoplasmic,0.61
ybeB,Cytoplasmic,0.53
ybeD,Cytoplasmic,0.57
ybeX,-,0.71
ybeY,Cytoplasmic,0.65
ybeZ,Cytoplasmic,0.60
ybfA,Membrane-anchored,0.54
ybfE,Cytoplasmic,0.61
ybfF,Cytoplasmic,0.58
ybgC,Cytoplasmic,0.75
ybgE,IntegralMembraneProtein,10.33
ybgF,Periplasmic,1.69
ybgH,IntegralMembraneProtein,3.76
ybgI,Cytoplasmic,0.55
ybgJ,-,0.85
ybgK,-,0.89
ybgL,-,0.74
ybgT,IntegralMembraneProtein,0.57
ybhA,Cytoplasmic,0.83
ybhB,Cytoplasmic,0.66
ybhC,OutermembraneLipoprotein,0.77
ybhF,Cytoplasmic,0.83
ybhG,Periplasmic,0.99
ybhJ,Cytoplasmic,1.26
ybhK,Cytoplasmic,0.73
ybhL,IntegralMembraneProtein,1.54
ybhQ,IntegralMembraneProtein,6.02
ybhR,IntegralMembraneProtein,4.29
ybhS,IntegralMembraneProtein,5.07
ybhT,IntegralMembraneProtein,0.60
ybiB,Cytoplasmic,0.79
ybiC,Cytoplasmic,1.21
ybiJ,Periplasmic,0.59
ybiP,IntegralMembraneProtein,5.09
ybiR,IntegralMembraneProtein,5.37
ybiS,Periplasmic,1.04
ybiT,Cytoplasmic,0.76
ybiU,-,0.78
ybiV,Cytoplasmic,0.95
ybjC,IntegralMembraneProtein,3.88
ybjD,-,0.95
ybjE,IntegralMembraneProtein,2.78
ybjG,IntegralMembraneProtein,5.29
ybjI,Cytoplasmic,0.79
ybjJ,IntegralMembraneProtein,3.47
ybjL,IntegralMembraneProtein,6.49
ybjN,Cytoplasmic,0.77
ybjP,Lipoprotein,0.71
ybjQ,Cytoplasmic,0.60
ybjS,-,0.88
ybjT,-,1.13
ybjX,Cytoplasmic,0.67
ycaC,Cytoplasmic,1.38
ycaD,IntegralMembraneProtein,5.97
ycaK,Cytoplasmic,1.35
ycaO,-,1.07
ycaR,Cytoplasmic,0.59
ycbB,Periplasmic,0.86
ycbC,IntegralMembraneProtein,2.68
ycbK,-,0.55
ycbL,-,0.70
ycbX,-,0.69
ycbZ,-,1.26
yccA,IntegralMembraneProtein,7.70
yccF,IntegralMembraneProtein,2.56
yccK,Cytoplasmic,0.49
yccS,IntegralMembraneProtein,2.60
yccU,Cytoplasmic,0.69
yccW,Cytoplasmic,0.72
ycdT,IntegralMembraneProtein,2.74
ycdX,Cytoplasmic,0.75
ycdY,Cytoplasmic,0.62
ycdZ,IntegralMembraneProtein,2.96
yceA,Cytoplasmic,0.62
yceB,OutermembraneLipoprotein,0.79
yceD,Cytoplasmic,0.43
yceF,Cytoplasmic,0.71
yceG,Membrane-anchored,5.60
yceH,Cytoplasmic,0.63
yceI,Periplasmic,0.87
yceM,-,0.80
yceN,IntegralMembraneProtein,1.21
ycfD,Cytoplasmic,0.74
ycfH,Cytoplasmic,0.68
ycfJ,Membrane-anchored,0.74
ycfL,-,0.99
ycfM,Lipoprotein,0.84
ycfP,-,0.90
ycfQ,Cytoplasmic,0.61
ycfS,Periplasmic,0.77
ycfZ,IntegralMembraneProtein,2.34
ycgE,Cytoplasmic,0.60
ycgF,-,0.88
ycgJ,-,0.74
ycgK,Periplasmic,0.55
ycgL,-,0.59
ycgM,-,0.72
ycgN,Cytoplasmic,0.60
ychA,Cytoplasmic,0.78
ychE,IntegralMembraneProtein,7.41
ychF,Cytoplasmic,0.58
ychJ,Cytoplasmic,0.64
ychM,IntegralMembraneProtein,2.49
ychN,Cytoplasmic,0.57
ychO,Cytoplasmic,0.90
ychQ,IntegralMembraneProtein,1.52
yciA,Cytoplasmic,0.60
yciB,IntegralMembraneProtein,6.17
yciC,IntegralMembraneProtein,2.69
yciH,Cytoplasmic,0.60
yciI,Cytoplasmic,0.54
yciK,Cytoplasmic,1.94
yciM,Periplasmic,1.16
yciN,Cytoplasmic,0.56
yciO,Cytoplasmic,0.61
yciQ,IntegralMembraneProtein,1.69
yciS,IntegralMembraneProtein,19.48
yciT,Cytoplasmic,0.66
yciU,Cytoplasmic,0.58
yciY,-,0.61
ycjF,IntegralMembraneProtein,1.03
ycjG,Cytoplasmic,0.93
ycjW,Cytoplasmic,0.78
ycjX,-,1.10
ycjZ,Cytoplasmic,0.63
ydaL,Cytoplasmic,0.76
ydbH,-,1.90
ydbK,-,1.42
ydcD,Membrane-anchored,3.48
ydcF,Cytoplasmic,0.79
ydcI,Cytoplasmic,0.62
ydcL,Lipoprotein,0.56
ydcM,-,0.96
ydcP,-,1.14
ydcR,Cytoplasmic,0.70
ydcX,IntegralMembraneProtein,7.42
ydcY,-,0.59
yddA,IntegralMembraneProtein,3.81
yddB,Periplasmic,1.10
yddE,Cytoplasmic,0.59
yddG,IntegralMembraneProtein,5.64
yddW,Lipoprotein,0.91
ydeA,IntegralMembraneProtein,2.56
ydeE,IntegralMembraneProtein,4.18
ydeP,-,0.90
ydfG,Cytoplasmic,0.63
ydfH,-,0.57
ydfI,-,1.44
ydgA,Cytoplasmic,0.58
ydgC,IntegralMembraneProtein,1.93
ydgH,Periplasmic,0.51
ydgI,IntegralMembraneProtein,2.51
ydgJ,-,0.77
ydgK,IntegralMembraneProtein,6.35
ydhA,OutermembraneLipoprotein,0.60
ydhB,Cytoplasmic,0.74
ydhC,IntegralMembraneProtein,2.49
ydhF,-,0.75
ydhI,IntegralMembraneProtein,2.38
ydhJ,IntegralMembraneProtein,1.32
ydhK,IntegralMembraneProtein,1.96
ydhO,-,0.72
ydhP,IntegralMembraneProtein,2.07
ydhQ,-,0.97
ydhR,Cytoplasmic,0.53
ydiA,Cytoplasmic,0.85
ydiH,-,0.57
ydiI,Cytoplasmic,0.58
ydiJ,-,1.11
ydiK,IntegralMembraneProtein,5.94
ydiU,-,0.88
ydiY,-,0.67
ydjA,Cytoplasmic,0.73
ydjF,Cytoplasmic,0.68
ydjM,IntegralMembraneProtein,2.00
ydjN,IntegralMembraneProtein,5.23
yeaC,Cytoplasmic,0.55
yeaD,Cytoplasmic,0.57
yeaE,Cytoplasmic,0.96
yeaJ,IntegralMembraneProtein,2.09
yeaK,Cytoplasmic,0.56
yeaN,IntegralMembraneProtein,4.85
yeaP,-,1.05
yeaQ,IntegralMembraneProtein,7.43
yeaY,Lipoprotein,0.74
yeaZ,Cytoplasmic,1.01
yebA,Cytoplasmic,0.61
yebC,Cytoplasmic,0.57
yebF,extracellular,0.72
yebG,Cytoplasmic,0.59
yebK,Cytoplasmic,0.62
yebN,IntegralMembraneProtein,2.02
yebO,IntegralMembraneProtein,5.71
yebQ,IntegralMembraneProtein,4.92
yebR,Cytoplasmic,0.53
yebS,IntegralMembraneProtein,2.12
yebT,IntegralMembraneProtein,2.49
yebU,Cytoplasmic,0.87
yebY,Cytoplasmic,0.59
yebZ,IntegralMembraneProtein,2.15
yecA,Cytoplasmic,0.78
yecC,Cytoplasmic,0.62
yecD,Cytoplasmic,0.79
yecE,Cytoplasmic,0.78
yecF,Cytoplasmic,0.58
yecJ,Cytoplasmic,0.59
yecM,Cytoplasmic,0.68
yecN,IntegralMembraneProtein,4.26
yecS,IntegralMembraneProtein,6.78
yedA,IntegralMembraneProtein,4.19
yedD,OutermembraneLipoprotein,0.60
yedE,IntegralMembraneProtein,4.22
yedF,Cytoplasmic,0.77
yedI,IntegralMembraneProtein,2.01
yedJ,Cytoplasmic,0.73
yedQ,IntegralMembraneProtein,5.71
yedR,IntegralMembraneProtein,5.90
yedV,IntegralMembraneProtein,5.41
yedW,Cytoplasmic,0.81
yeeA,IntegralMembraneProtein,6.40
yeeD,Cytoplasmic,0.55
yeeE,IntegralMembraneProtein,2.63
yeeF,IntegralMembraneProtein,3.33
yeeN,Cytoplasmic,0.54
yeeX,-,0.93
yeeZ,Cytoplasmic,1.34
yefM,Cytoplasmic,0.59
yegD,Cytoplasmic,0.93
yegE,IntegralMembraneProtein,2.35
yegH,IntegralMembraneProtein,2.79
yegQ,-,0.75
yegS,Cytoplasmic,0.92
yegU,-,0.72
yegW,-,1.31
yehS,Cytoplasmic,0.53
yehU,IntegralMembraneProtein,2.30
yeiB,IntegralMembraneProtein,2.76
yeiE,Cytoplasmic,0.95
yeiG,Cytoplasmic,0.67
yeiH,IntegralMembraneProtein,6.66
yeiI,Cytoplasmic,1.24
yeiS,IntegralMembraneProtein,5.19
yejA,Periplasmic,3.36
yejB,IntegralMembraneProtein,4.64
yejE,IntegralMembraneProtein,8.57
yejF,Cytoplasmic,1.27
yejG,Cytoplasmic,0.58
yejH,Cytoplasmic,0.82
yejK,Cytoplasmic,0.78
yejL,Cytoplasmic,0.53
yejM,IntegralMembraneProtein,3.25
yfaD,Cytoplasmic,0.68
yfaE,Cytoplasmic,0.72
yfaY,Cytoplasmic,0.80
yfaZ,OutermembraneProtein,0.75
yfbB,Cytoplasmic,0.99
yfbQ,Cytoplasmic,0.73
yfbR,Cytoplasmic,0.56
yfbS,IntegralMembraneProtein,4.11
yfbT,Cytoplasmic,0.74
yfbU,Cytoplasmic,0.61
yfbV,IntegralMembraneProtein,1.22
yfcA,IntegralMembraneProtein,8.97
yfcD,-,0.73
yfcE,Cytoplasmic,0.73
yfcH,-,0.82
yfcJ,IntegralMembraneProtein,2.51
yfcL,Cytoplasmic,0.50
yfcM,Cytoplasmic,0.73
yfcN,Cytoplasmic,0.70
yfcZ,Cytoplasmic,0.71
yfdG,IntegralMembraneProtein,3.11
yfdH,IntegralMembraneProtein,0.78
yfdI,IntegralMembraneProtein,6.82
yfdQ,-,0.59
yfdZ,Cytoplasmic,0.99
yfeA,IntegralMembraneProtein,2.18
yfeH,IntegralMembraneProtein,4.64
yfeK,Periplasmic,1.05
yfeX,Cytoplasmic,0.79
yfeY,Lipoprotein,0.60
yfeZ,IntegralMembraneProtein,4.48
yffB,Cytoplasmic,0.62
yffS,-,0.72
yfgA,Membrane-anchored,10.42
yfgC,Periplasmic,1.03
yfgD,Cytoplasmic,0.51
yfgG,IntegralMembraneProtein,1.11
yfgJ,Cytoplasmic,0.54
yfgM,IntegralMembraneProtein,0.57
yfgO,IntegralMembraneProtein,3.03
yfhA,Cytoplasmic,0.75
yfhB,Membrane-anchored,5.33
yfhD,Periplasmic,6.84
yfhG,OutermembraneLipoprotein,0.77
yfhK,IntegralMembraneProtein,2.44
yfhL,Cytoplasmic,0.55
yfhM,Lipoprotein,0.66
yfiC,Cytoplasmic,0.78
yfiD,Cytoplasmic,0.50
yfiF,Cytoplasmic,0.62
yfiH,Cytoplasmic,0.74
yfiN,IntegralMembraneProtein,12.41
yfiP,-,0.66
yfiQ,-,1.25
yfiR,-,6.30
yfjD,IntegralMembraneProtein,20.24
yfjF,-,0.64
yfjG,-,0.62
yfjH,-,1.08
yfjK,Cytoplasmic,1.82
yfjO,Cytoplasmic,0.42
yfjW,IntegralMembraneProtein,5.33
ygaC,Cytoplasmic,0.54
ygaD,Cytoplasmic,0.59
ygaH,IntegralMembraneProtein,5.92
ygaM,IntegralMembraneProtein,0.63
ygaZ,IntegralMembraneProtein,2.04
ygbE,IntegralMembraneProtein,2.93
ygbI,Cytoplasmic,0.67
ygcF,Cytoplasmic,0.71
ygdD,IntegralMembraneProtein,8.48
ygdE,Cytoplasmic,0.83
ygdH,Cytoplasmic,0.89
ygdI,OutermembraneLipoprotein,0.59
ygdL,Membrane-anchored,0.74
ygdQ,IntegralMembraneProtein,3.05
ygdR,OutermembraneLipoprotein,0.60
ygeA,Cytoplasmic,0.73
ygeR,OutermembraneLipoprotein,0.82
ygfA,Cytoplasmic,0.58
ygfB,Cytoplasmic,0.59
ygfX,Membrane-anchored,2.64
ygfY,Cytoplasmic,0.51
ygfZ,Cytoplasmic,0.62
yggE,Periplasmic,0.73
yggG,OutermembraneLipoprotein,0.69
yggL,Cytoplasmic,0.56
yggN,Periplasmic,0.62
yggS,Cytoplasmic,0.59
yggT,IntegralMembraneProtein,2.15
yggU,Cytoplasmic,0.52
yggW,Cytoplasmic,0.83
yggX,Cytoplasmic,0.55
yghB,IntegralMembraneProtein,6.19
yghG,OutermembraneLipoprotein,0.70
yghJ,Lipoprotein,0.70
yghU,Cytoplasmic,0.93
ygiB,Cytoplasmic,0.57
ygiC,Cytoplasmic,0.97
ygiF,Cytoplasmic,0.75
ygiH,IntegralMembraneProtein,1.79
ygiN,Cytoplasmic,0.55
ygiQ,Cytoplasmic,0.82
ygiS,Periplasmic,0.93
ygiT,Cytoplasmic,0.63
ygiW,Periplasmic,0.62
ygjD,Cytoplasmic,0.76
ygjP,Cytoplasmic,0.59
ygjR,Cytoplasmic,1.18
yhaH,IntegralMembraneProtein,9.59
yhaJ,Cytoplasmic,0.69
yhaM,Cytoplasmic,0.94
yhaO,IntegralMembraneProtein,2.44
yhbC,Cytoplasmic,0.55
yhbE,IntegralMembraneProtein,1.61
yhbJ,Cytoplasmic,0.68
yhbP,Cytoplasmic,1.77
yhbS,Cytoplasmic,0.75
yhbT,Cytoplasmic,0.66
yhbW,Cytoplasmic,0.84
yhbX,IntegralMembraneProtein,3.62
yhbY,Cytoplasmic,0.46
yhcB,Membrane-anchored,0.95
yhcM,Cytoplasmic,1.32
yhcN,Periplasmic,0.52
yhdE,Cytoplasmic,0.72
yhdH,Cytoplasmic,0.97
yhdL,Cytoplasmic,0.58
yhdP,Cytoplasmic,1.04
yhdT,IntegralMembraneProtein,31.14
yheL,Cytoplasmic,0.71
yheM,Cytoplasmic,0.67
yheN,Cytoplasmic,0.84
yheO,Cytoplasmic,0.62
yheS,Cytoplasmic,0.98
yheT,Cytoplasmic,0.79
yhfA,Cytoplasmic,0.57
yhfK,IntegralMembraneProtein,1.34
yhgE,IntegralMembraneProtein,2.57
yhgF,Cytoplasmic,0.61
yhgN,IntegralMembraneProtein,5.54
yhhJ,IntegralMembraneProtein,2.30
yhhK,Cytoplasmic,0.68
yhhL,IntegralMembraneProtein,11.56
yhhM,Membrane-anchored,2.35
yhhN,IntegralMembraneProtein,6.89
yhhQ,IntegralMembraneProtein,4.18
yhhS,IntegralMembraneProtein,2.96
yhhW,Cytoplasmic,0.83
yhhX,Cytoplasmic,0.60
yhiI,Membrane-anchored,1.37
yhiN,Cytoplasmic,0.91
yhiP,IntegralMembraneProtein,8.51
yhiQ,Cytoplasmic,0.80
yhiR,Cytoplasmic,0.64
yhjD,IntegralMembraneProtein,0.82
yhjE,IntegralMembraneProtein,2.82
yhjJ,Periplasmic,0.83
yhjK,IntegralMembraneProtein,3.20
yhjV,IntegralMembraneProtein,3.41
yhjX,IntegralMembraneProtein,3.68
yiaD,OutermembraneLipoprotein,0.72
yiaF,IntegralMembraneProtein,0.00
yiaJ,Cytoplasmic,0.79
yiaU,Cytoplasmic,0.90
yibA,Cytoplasmic,0.71
yibF,Cytoplasmic,0.92
yibK,Cytoplasmic,0.66
yibL,Cytoplasmic,0.58
yibN,Membrane-anchored,7.05
yibQ,Periplasmic,0.71
yicC,Cytoplasmic,0.82
yicE,IntegralMembraneProtein,9.20
yicG,IntegralMembraneProtein,3.24
yicH,Membrane-anchored,1.89
yicL,IntegralMembraneProtein,6.29
yicN,Membrane-anchored,5.55
yidA,Cytoplasmic,0.81
yidC,IntegralMembraneProtein,2.46
yidD,Cytoplasmic,1.08
yidE,IntegralMembraneProtein,4.04
yidQ,-,0.98
yidR,Cytoplasmic,0.70
yidZ,Cytoplasmic,0.75
yieE,Cytoplasmic,0.69
yieF,Cytoplasmic,0.68
yieG,IntegralMembraneProtein,5.22
yieH,Cytoplasmic,1.01
yieM,Cytoplasmic,0.87
yieP,Cytoplasmic,0.62
yifE,Cytoplasmic,0.54
yifK,IntegralMembraneProtein,5.91
yifL,Lipoprotein,0.00
yigF,IntegralMembraneProtein,5.24
yigI,Cytoplasmic,0.66
yigL,Cytoplasmic,0.74
yigM,IntegralMembraneProtein,6.23
yigP,Cytoplasmic,0.70
yigZ,Cytoplasmic,0.79
yihD,Cytoplasmic,0.56
yihG,Cytoplasmic,2.92
yihI,Cytoplasmic,0.60
yihM,Cytoplasmic,0.74
yihW,Cytoplasmic,0.65
yihX,Cytoplasmic,0.85
yiiD,Cytoplasmic,1.06
yiiM,Cytoplasmic,0.80
yiiQ,Periplasmic,0.72
yiiR,IntegralMembraneProtein,12.65
yiiU,Cytoplasmic,0.51
yijD,IntegralMembraneProtein,5.60
yijE,IntegralMembraneProtein,4.02
yijP,IntegralMembraneProtein,3.27
yjaG,Cytoplasmic,0.75
yjaH,OutermembraneLipoprotein,0.58
yjbB,IntegralMembraneProtein,2.80
yjbR,Cytoplasmic,0.61
yjcB,IntegralMembraneProtein,1.88
yjcC,IntegralMembraneProtein,2.24
yjcD,IntegralMembraneProtein,3.78
yjcE,IntegralMembraneProtein,4.76
yjcO,-,1.83
yjdC,Cytoplasmic,0.77
yjdF,IntegralMembraneProtein,9.94
yjdM,Cytoplasmic,0.52
yjdP,-,0.84
yjeE,Cytoplasmic,0.67
yjeF,Cytoplasmic,0.65
yjeH,IntegralMembraneProtein,4.72
yjeI,OutermembraneLipoprotein,0.71
yjeK,Cytoplasmic,0.77
yjeM,IntegralMembraneProtein,5.91
yjeP,IntegralMembraneProtein,2.07
yjeS,Cytoplasmic,0.76
yjeT,IntegralMembraneProtein,28.72
yjfP,Cytoplasmic,1.33
yjfZ,Cytoplasmic,0.81
yjgA,Cytoplasmic,0.54
yjgB,Cytoplasmic,0.82
yjgF,Cytoplasmic,0.57
yjgJ,Cytoplasmic,0.59
yjgK,Cytoplasmic,0.62
yjgM,Cytoplasmic,0.65
yjgP,IntegralMembraneProtein,6.83
yjgQ,IntegralMembraneProtein,7.30
yjgR,Cytoplasmic,0.93
yjhB,IntegralMembraneProtein,5.40
yjhC,Cytoplasmic,0.87
yjhU,Cytoplasmic,0.97
yjiA,Cytoplasmic,0.99
yjiN,IntegralMembraneProtein,1.44
yjiY,IntegralMembraneProtein,2.22
yjjA,Periplasmic,0.62
yjjG,Cytoplasmic,0.93
yjjJ,Cytoplasmic,0.79
yjjK,Cytoplasmic,0.73
yjjU,Cytoplasmic,0.79
yjjX,Cytoplasmic,0.69
yjtD,-,0.95
ylaB,IntegralMembraneProtein,1.19
ylaC,IntegralMembraneProtein,5.35
ylbA,Cytoplasmic,0.56
yliE,-,1.49
yliF,IntegralMembraneProtein,9.54
yliJ,Cytoplasmic,0.62
ymbA,Lipoprotein,0.69
ymdC,-,1.06
ymgD,-,0.62
ymgF,IntegralMembraneProtein,14.11
ymgG,-,0.66
ymjA,Cytoplasmic,0.57
ynaI,IntegralMembraneProtein,2.21
ynaJ,IntegralMembraneProtein,1.05
yncA,Cytoplasmic,0.62
yncB,Cytoplasmic,1.02
yncD,OutermembraneProtein,1.14
yncE,-,0.71
yneE,IntegralMembraneProtein,9.26
yneG,-,2.10
yneH,-,1.03
ynfA,IntegralMembraneProtein,6.22
ynfB,-,0.71
ynfC,Lipoprotein,1.00
ynfF,-,1.45
ynfM,IntegralMembraneProtein,5.66
ynhF,IntegralMembraneProtein,0.52
yniB,IntegralMembraneProtein,7.35
yniC,Cytoplasmic,0.95
ynjB,-,1.39
ynjE,Periplasmic,0.58
ynjF,IntegralMembraneProtein,1.66
ynjI,IntegralMembraneProtein,1.51
yoaA,-,0.99
yoaB,Cytoplasmic,0.61
yoaE,IntegralMembraneProtein,2.74
yoaF,OutermembraneProtein,0.84
yoaH,Cytoplasmic,0.59
yobA,Periplasmic,0.59
yobD,IntegralMembraneProtein,13.74
yobF,-,0.56
yobH,-,7.01
yodA,Cytoplasmic,0.59
yodB,IntegralMembraneProtein,9.79
yohJ,IntegralMembraneProtein,7.09
yohK,IntegralMembraneProtein,4.39
yohN,Periplasmic,0.55
yohO,IntegralMembraneProtein,0.48
yojI,IntegralMembraneProtein,2.99
ypdA,IntegralMembraneProtein,3.29
ypdB,Cytoplasmic,1.49
ypeA,-,0.72
ypeC,Cytoplasmic,0.64
ypfG,-,1.54
ypfH,Cytoplasmic,0.67
ypfI,Cytoplasmic,1.06
ypfJ,IntegralMembraneProtein,6.56
ypfM,Cytoplasmic,0.46
ypfN,IntegralMembraneProtein,34.24
ypjD,IntegralMembraneProtein,4.65
yqaA,IntegralMembraneProtein,2.00
yqaB,Cytoplasmic,0.65
yqaE,IntegralMembraneProtein,0.55
yqcA,-,0.77
yqcC,Cytoplasmic,0.58
yqeF,Cytoplasmic,0.88
yqeG,IntegralMembraneProtein,5.44
yqfA,IntegralMembraneProtein,2.84
yqfB,Cytoplasmic,0.51
yqgA,IntegralMembraneProtein,2.47
yqgB,Cytoplasmic,0.53
yqgE,Cytoplasmic,0.71
yqgF,Cytoplasmic,0.51
yqhA,IntegralMembraneProtein,1.10
yqhC,Cytoplasmic,1.31
yqhD,Cytoplasmic,0.67
yqiA,Cytoplasmic,0.85
yqiB,Cytoplasmic,0.64
yqiC,Cytoplasmic,0.56
yqjA,IntegralMembraneProtein,4.97
yqjB,IntegralMembraneProtein,1.62
yqjC,Periplasmic,0.61
yqjD,Membrane-anchored,0.59
yqjE,IntegralMembraneProtein,2.43
yqjG,Cytoplasmic,0.95
yqjH,Cytoplasmic,0.69
yqjI,Cytoplasmic,0.70
yqjK,-,0.75
yraL,Cytoplasmic,0.60
yraM,Lipoprotein,0.00
yraN,Cytoplasmic,0.66
yraP,Lipoprotein,0.58
yraQ,IntegralMembraneProtein,3.01
yraR,Cytoplasmic,0.86
yrbA,Cytoplasmic,0.53
yrbB,Cytoplasmic,0.69
yrbC,Periplasmic,0.90
yrbD,IntegralMembraneProtein,3.51
yrbE,IntegralMembraneProtein,2.27
yrbF,Cytoplasmic,0.79
yrbG,IntegralMembraneProtein,3.88
yrbK,Membrane-anchored,6.82
yrbL,Cytoplasmic,0.65
yrdA,Cytoplasmic,0.69
yrdB,Cytoplasmic,0.66
yrdD,Cytoplasmic,0.65
yrfF,IntegralMembraneProtein,8.04
yrfG,Cytoplasmic,0.82
ysgA,-,0.91
ytfB,Cytoplasmic,2.21
ytfF,IntegralMembraneProtein,3.50
ytfG,Cytoplasmic,0.52
ytfJ,-,0.68
ytfK,Cytoplasmic,0.50
ytfL,IntegralMembraneProtein,4.06
ytfM,OutermembraneProtein,0.97
ytfN,Membrane-anchored,1.32
ytfP,Cytoplasmic,0.65
ytjA,IntegralMembraneProtein,11.55
ytjB,Membrane-anchored,10.12
ytjC,Membrane-anchored,0.85
zapA,Cytoplasmic,0.55
zipA,IntegralMembraneProtein,1.74
zitB,IntegralMembraneProtein,1.86
zntA,IntegralMembraneProtein,2.32
zntB,IntegralMembraneProtein,1.13
zntR,Cytoplasmic,0.64
znuA,Periplasmic,0.62
znuB,IntegralMembraneProtein,6.06
znuC,Cytoplasmic,0.61
zraR,Cytoplasmic,1.13
zupT,IntegralMembraneProtein,7.89
zur,Cytoplasmic,0.61
zwf,Cytoplasmic,0.93